title,organizer,status,location,event_mode,start_date,end_date,registration_deadline,team_size_min,team_size_max,prize,prize_amount,currency,tags,source_url,source_website,scraped_at,id,tagline,url,submission_period_dates,submission_deadline_text,submission_deadline_iso,time_left_to_submission,cash_prizes_count,other_prizes_count,registrations_count,eligibility,rules_url,schedule_url,thumbnail_url,featured,managed_by_devpost,invite_only
The Rice University Urban Sustainability Hackathon,Rice University,open,Online,Online,2026-06-23,2026-09-18,2026-09-18,2,6,"$ 17,500 in cash",17500,USD,"Design, Social Good, Databases",https://rice-urban-sustainability.devpost.com/,devpost.com,2026-09-14T13:37:55.616151+00:00,30371,World Cup 2026 HACK,https://rice-urban-sustainability.devpost.com/,"Jun 23 - Sep 18, 2026","Deadline: Sep 17, 2026 @ 11:45pm CDT",2026-09-18T00:45:00-04:00,4 days left,3,0,432,Ages 18+ only | College students only | Team required: 2 to 6 members | Companies/professional organizations excluded from participation | US only,https://rice-urban-sustainability.devpost.com/rules,https://rice-urban-sustainability.devpost.com/details/dates,https://d112y698adiu2z.cloudfront.net/photos/production/challenge_thumbnails/004/748/866/datas/medium_square.png,False,False,False
Hack2Heal 2.0 - Global Healthcare Innovation Hackathon,Institute of Engineering & Management,open,Online,Online,2026-08-25,2026-09-18,2026-09-18,,,$ 100 in cash,100,USD,"Health, Machine Learning/AI, Beginner Friendly",https://hack2heal.devpost.com/,devpost.com,2026-09-14T13:37:56.872869+00:00,31114,"Build anything. Solve for health. A global online healthcare innovation hackathon for students, builders, scientists, and creators across every discipline.",https://hack2heal.devpost.com/,"Aug 25 - Sep 18, 2026","Deadline: Sep 18, 2026 @ 11:45pm IST",2026-09-18T14:15:00-04:00,4 days left,1,2,419,"Above legal age of majority in country of residence | Students only | Companies/professional organizations excluded from participation | All countries/territories, excluding standard exceptions",https://hack2heal.devpost.com/rules,https://hack2heal.devpost.com/details/dates,https://d112y698adiu2z.cloudfront.net/photos/production/challenge_thumbnails/005/176/958/datas/medium_square.jpg,False,False,False
DFA Design Sprint,DFA Yale,open,Online,Online,2026-09-08,2026-09-19,2026-09-19,,,1 non-cash prize,,,Design,https://dfa-kickoff.devpost.com/,devpost.com,2026-09-14T13:37:58.073468+00:00,31258,Apply to DFA Studio Yale F26!,https://dfa-kickoff.devpost.com/,"Sep 08 - 19, 2026","Deadline: Sep 19, 2026 @ 12:00am EDT",2026-09-19T00:00:00-04:00,5 days left,0,1,10,"Yale Undergrad Students | Ages 17+ only | Students only | Companies/professional organizations excluded from participation | All countries/territories, excluding standard exceptions",https://dfa-kickoff.devpost.com/rules,https://dfa-kickoff.devpost.com/details/dates,https://d112y698adiu2z.cloudfront.net/photos/production/challenge_thumbnails/005/278/294/datas/medium_square.jpeg,False,False,True
Smart City Hackathon Lahore,Code for Pakistan,open,Smart City Hackathon Lahore,Offline,2026-08-19,2026-09-19,2026-09-19,,,$ 642 in cash,642,USD,"Communication, Design, Social Good",https://smart-city-hackathon-lahore.devpost.com/,devpost.com,2026-09-14T13:37:59.375057+00:00,31033,Got an idea for a better city? Build it. Turn real urban challenges into practical solutions that shape the cities of tomorrow.,https://smart-city-hackathon-lahore.devpost.com/,"Aug 19 - Sep 19, 2026","Deadline: Sep 19, 2026 @ 11:45pm PKT",2026-09-19T14:45:00-04:00,5 days left,3,0,175,Above legal age of majority in country of residence | Only specific countries/territories included,https://smart-city-hackathon-lahore.devpost.com/rules,https://smart-city-hackathon-lahore.devpost.com/details/dates,https://d112y698adiu2z.cloudfront.net/photos/production/challenge_thumbnails/005/144/526/datas/medium_square.png,False,False,False
CAST-GNY Startup Pitch Competition 2026,CAST-GNY,open,CAST-GNY Startup Pitch Competition 2026,Offline,2026-09-01,2026-09-19,2026-09-19,,,1 non-cash prize,,,"Beginner Friendly, Enterprise, Social Good",https://castgnypitch2026.devpost.com/,devpost.com,2026-09-14T13:38:00.691877+00:00,31209,Pitch your idea and win cash prize in NYC!,https://castgnypitch2026.devpost.com/,"Sep 01 - 19, 2026","Deadline: Sep 19, 2026 @ 11:45pm EDT",2026-09-19T23:45:00-04:00,7 days left,1,0,21,"Above legal age of majority in country of residence | All countries/territories, excluding standard exceptions",https://castgnypitch2026.devpost.com/rules,https://castgnypitch2026.devpost.com/details/dates,https://d112y698adiu2z.cloudfront.net/photos/production/challenge_thumbnails/005/233/307/datas/medium_square.jpg,False,False,False
STEMinate Wildcard Hack,STEMinate Texas,open,Online,Online,2026-09-12,2026-09-19,2026-09-19,,,3 non-cash prizes,,,"Beginner Friendly, Design, Open Ended",https://steminate-texas-wildcard-hack.devpost.com/,devpost.com,2026-09-14T13:38:01.922202+00:00,31077,Every team gets a different story.,https://steminate-texas-wildcard-hack.devpost.com/,"Sep 12 - 19, 2026","Deadline: Sep 19, 2026 @ 11:45pm EDT",2026-09-19T23:45:00-04:00,7 days left,0,3,11,Ages 13 to 18 only | Students only | Companies/professional organizations excluded from participation | US only,https://steminate-texas-wildcard-hack.devpost.com/rules,https://steminate-texas-wildcard-hack.devpost.com/details/dates,https://d112y698adiu2z.cloudfront.net/photos/production/challenge_thumbnails/005/146/755/datas/medium_square.jpg,False,False,False
MunichTech EXPO,MunichTecg EXPO,open,MunichTech EXPO,Offline,2026-09-01,2026-09-20,2026-09-20,2,6,1 non-cash prize,,,"Low/No Code, Machine Learning/AI, Productivity",https://munichtech-expo.devpost.com/,devpost.com,2026-09-14T13:38:03.195195+00:00,28268,Build What Europe Needs.,https://munichtech-expo.devpost.com/,"Sep 01 - 20, 2026","Deadline: Sep 20, 2026 @ 5:00pm CEST",2026-09-20T11:00:00-04:00,6 days left,0,1,123,"Above legal age of majority in country of residence | Team required: 2 to 6 members | All countries/territories, excluding standard exceptions",https://munichtech-expo.devpost.com/rules,https://munichtech-expo.devpost.com/details/dates,https://d112y698adiu2z.cloudfront.net/photos/production/challenge_thumbnails/004/191/948/datas/medium_square.png,False,False,False
YC Fall 2026 x Moss: The Zero Latency Builder Sprint,hidevs,open,YC Fall 2026 x Moss: The Zero Latency Builder Sprint,Offline,2026-09-06,2026-09-20,2026-09-20,,,"₹ 50,000 in cash",50000,INR,Machine Learning/AI,https://yc-fall-2026-x-moss.devpost.com/,devpost.com,2026-09-14T13:38:04.486354+00:00,31120,Build production-ready AI applications inspired by YC's Fall 2026 Requests for Startups using Moss for sub-10ms semantic search without a traditional vector database.,https://yc-fall-2026-x-moss.devpost.com/,"Sep 06 - 20, 2026","Deadline: Sep 21, 2026 @ 12:00am IST",2026-09-20T14:30:00-04:00,6 days left,5,0,149,"Above legal age of majority in country of residence | All countries/territories, excluding standard exceptions",https://yc-fall-2026-x-moss.devpost.com/rules,https://yc-fall-2026-x-moss.devpost.com/details/dates,https://d112y698adiu2z.cloudfront.net/photos/production/challenge_thumbnails/005/170/961/datas/medium_square.jpg,False,False,False
Evorozen Apex: NextGen AI Buildathon,Evorozen,open,Online,Online,2026-07-17,2026-09-20,2026-09-20,,,2 non-cash prizes,,,"Databases, Machine Learning/AI, Web",https://evorozen-apex.devpost.com/,devpost.com,2026-09-14T13:38:05.752539+00:00,30744,"An intensive 60-day buildathon to launch production-ready AI apps, acquire real users, and scale next-generation backends. Go from a raw idea to a live startup.",https://evorozen-apex.devpost.com/,"Jul 17 - Sep 20, 2026","Deadline: Sep 20, 2026 @ 11:45pm PKT",2026-09-20T14:45:00-04:00,6 days left,0,2,268,"Ages 13+ only | Students only | Companies/professional organizations excluded from participation | All countries/territories, excluding standard exceptions",https://evorozen-apex.devpost.com/rules,https://evorozen-apex.devpost.com/details/dates,https://d112y698adiu2z.cloudfront.net/photos/production/challenge_thumbnails/004/909/345/datas/medium_square.png,False,False,False
