title,organizer,status,location,event_mode,start_date,end_date,registration_deadline,team_size_min,team_size_max,prize,prize_amount,currency,tags,source_url,source_website,scraped_at
HackSpire'26,FIEM ACM Student Chapter,Open,"Kolkata, West Bengal, India",Offline,2026-10-02,2026-10-03,2026-09-15,2,4,"$4,588",4588.0,USD,No Restrictions,https://hackspire26.devfolio.co/,hackspire26.devfolio.co,2026-09-14T15:56:53.329263+00:00
Realm Hack '26,,Open,"College of Engineering Karunagappally, Thodiyoor, Karunagappally, Kerala, India",Offline,2026-10-09,2026-10-10,2026-09-15,1,4,"Finalists will participate in a 24-hour offline hackathon, build and present their solutions before an expert judging panel, connect with mentors and industry professionals, and compete for the ₹60,000 prize pool.",700.0,USD,No Restrictions,https://realm-hack-1.devfolio.co/,realm-hack-1.devfolio.co,2026-09-14T15:56:54.464307+00:00
HackOphobia,,Open,,,,,,,,,,,,https://hackophobia.devfolio.co/,hackophobia.devfolio.co,2026-09-14T15:56:55.697366+00:00
Cognition - GameJam '26,,Open,,,,,,,,,,,,https://cognition-gamejam-1.devfolio.co/,cognition-gamejam-1.devfolio.co,2026-09-14T15:56:55.697429+00:00
DEVHACK 2026,,Open,,,,,,,,,,,,https://devhack2026.devfolio.co/,devhack2026.devfolio.co,2026-09-14T15:56:55.697468+00:00
Recursive,,Open,,,,,,,,,,,,https://recursiveacm.devfolio.co/,recursiveacm.devfolio.co,2026-09-14T15:56:55.697502+00:00
Builders Day by HackUnion,,Open,,,,,,,,,,,,https://builders-day-hackunion.devfolio.co/,builders-day-hackunion.devfolio.co,2026-09-14T15:56:55.697548+00:00
Hackify 3.0,,Open,,,,,,,,,,,,https://hackify-3.devfolio.co/,hackify-3.devfolio.co,2026-09-14T15:56:55.697599+00:00
DEFINE 4.0,,Open,,,,,,,,,,,,https://define4.devfolio.co/,define4.devfolio.co,2026-09-14T15:56:55.697632+00:00
GlitchFiesta,,Open,,,,,,,,,,,,https://glitchfiesta2026.devfolio.co/,glitchfiesta2026.devfolio.co,2026-09-14T15:56:55.697660+00:00
HACKBIOS 2K26,,Open,,,,,,,,,,,,https://hackbios2k26.devfolio.co/,hackbios2k26.devfolio.co,2026-09-14T15:56:55.697689+00:00
HACK WITH GDG S4,,Open,,,,,,,,,,,,https://hack-with-gdg-s4.devfolio.co/,hack-with-gdg-s4.devfolio.co,2026-09-14T15:56:55.697718+00:00
BOSS Battle,,Live,,,,,,,,,,,,https://boss-battle.devfolio.co/,boss-battle.devfolio.co,2026-09-14T15:56:55.697747+00:00
CodeStorm 2026: FutureForge,,Live,,,,,,,,,,,,https://codestorm-futureforge.devfolio.co/,codestorm-futureforge.devfolio.co,2026-09-14T15:56:55.697775+00:00
HackTopus'FE,,Open,,,,,,,,,,,,https://hacktopusgdg.devfolio.co/,hacktopusgdg.devfolio.co,2026-09-14T15:56:55.697804+00:00
HackInverse 1.0,,Open,,,,,,,,,,,,https://hackinverse-s1.devfolio.co/,hackinverse-s1.devfolio.co,2026-09-14T15:56:55.697833+00:00
Codeutsava X.0,,Open,,,,,,,,,,,,https://codeutsava-x.devfolio.co/,codeutsava-x.devfolio.co,2026-09-14T15:56:55.697861+00:00
Hefty-Hacks,,Open,,,,,,,,,,,,https://hefty-hacks.devfolio.co/,hefty-hacks.devfolio.co,2026-09-14T15:56:55.697890+00:00
HACKER HOUSE GOA 2026,,Open,,,,,,,,,,,,https://hacker-house-goa-2026.devfolio.co/,hacker-house-goa-2026.devfolio.co,2026-09-14T15:56:55.697917+00:00
Grand Innovation Challenge,,Open,,,,,,,,,,,,https://grand-innovation-challenge.devfolio.co/,grand-innovation-challenge.devfolio.co,2026-09-14T15:56:55.697944+00:00
Metamorph 2.0,,Ended,,,,,,,,,,,,https://metamorph-2.devfolio.co/,metamorph-2.devfolio.co,2026-09-14T15:56:55.697974+00:00
FusioniX2026,,Ended,,,,,,,,,,,,https://fusionix-1.devfolio.co/,fusionix-1.devfolio.co,2026-09-14T15:56:55.698003+00:00
Hackrit,,Ended,,,,,,,,,,,,https://hackrit2026.devfolio.co/,hackrit2026.devfolio.co,2026-09-14T15:56:55.698032+00:00
VENTURE'26,,Ended,,,,,,,,,,,,https://venture-26.devfolio.co/,venture-26.devfolio.co,2026-09-14T15:56:55.698072+00:00
Graphiques Innovation Challenge,Hack Club,open,Online,Online,2026-08-21,2026-09-14,2026-09-14,,,10 non-cash prizes,,,"Enterprise, Fintech, Productivity",https://graphiques-challenge.devpost.com/,devpost.com,2026-09-14T15:56:57.652156+00:00
Hyperbloom September - AI/ML,hyperbloom hacks,open,Online,Online,2026-08-25,2026-09-14,2026-09-14,,,"$ 1,710 in cash",1710,USD,"IoT, Machine Learning/AI, Social Good",https://hyperbloom-september.devpost.com/,devpost.com,2026-09-14T15:56:59.123161+00:00
GitHub Repo Value Check,HackerEarth,Ongoing,,,2026-08-14,2026-09-20,,1,1,,,,"live, team",https://www.hackerearth.com/challenges/hackathon/github-repo-value-check/,hackerearth.com,2026-09-14T15:57:11Z
Yuva Yodha Energy Tech Hackathon,Schneider Electric,Ongoing,,,2026-08-16,2026-10-04,,1,1,"₹45,00,000 in prizes",4500000.0,INR,"live, team",https://www.hackerearth.com/challenges/hackathon/yuva-yodha-energy-tech-hackathon/,hackerearth.com,2026-09-14T15:57:13Z
Smart Ration Dispenser 2026,SRM Institute of Science and Technology Kattankulathur Campus,Upcoming,"Chennai, Tamil Nadu",Offline,2026-09-15,,2026-08-15,1,5,,,,"Hackathon, CSE, AIDS, ECE, IT, EEE, Instrumentation, Mechanical, Industrial, Design",https://www.knowafest.com/explore/events/2026/07/2208-smart-ration-dispenser-2026-srm-institute-science-technology-kattankulathur-campus-hackathon-chennai,knowafest.com,2026-09-14T15:57:17Z
SUSTAINVERSE 2K26,DMI College of Engineering,Upcoming,"chennai, Tamil Nadu",Hybrid,2026-09-15,2026-09-16,2026-09-10,1,4,"Prize Pool: ₹22,000",22000.0,INR,"24 Hours Hackathon, CSE, AIDS, ECE, IT, EEE, Mechanical, BioTechnology",https://www.knowafest.com/explore/events/2026/09/0425-sustainverse-2k26-dmi-college-engineering-24-hours-hackathon-chennai,knowafest.com,2026-09-14T15:57:17Z
HackCelestial 3.0,"Pillai University, Navi Mumbai",Ongoing,"Navi Mumbai, Maharashtra, India",Offline,2026-08-17,2026-09-27,2026-09-27,1,5,Prize pool of Rs 1.5 Lakhs (Cash),150000.0,INR,"Problem Solving, Artificial Intelligence (AI), Creative Thinking, Software Development Life Cycle (SDLC), User Experience (UX) Design, Teamwork and Collaboration, Software Development, Artificial Intelligence, Undergraduate, Engineering Students, Arts, Commerce, Sciences & Others",https://unstop.com/hackathons/hackcelestial-30-pillai-university-navi-mumbai-1737808,unstop.com,2026-09-14T15:57:18Z
Hack N Build,"SRM University, Modinagar, Ghaziabad",Ongoing,"Ghaziabad, Uttar Pradesh, India",Offline,2026-09-09,2026-10-07,2026-09-25,3,5,"Cash prizes worth ₹50,000+ and exclusive goodies for top teams!",50000.0,INR,"Arduino IDE, Arduino Programming, Raspberry Pi, Circuit Simulation, Embedded Systems Design, Microcontroller Programming, Circuit Design, Technical Presentations, Electronics Engineer, Embedded Systems Engineer, Undergraduate, Postgraduate, Engineering Students, Management, Arts, Commerce, Sciences & Others, Law, Medical",https://unstop.com/hackathons/hack-n-build-srm-university-modinagar-ghaziabad-1751780,unstop.com,2026-09-14T15:57:18Z
